date,name
"Saturday, February 1, 2025",Francesca Rose
"Thursday, January 23, 2025",Flash Abbey
"Monday, January 20, 2025",Zeni Bale
"Monday, December 30, 2024",Riendo
"Monday, December 23, 2024",Dawny By Name
"Saturday, December 21, 2024",Crude
"Thursday, December 19, 2024",Scott Influence
"Thursday, December 12, 2024",Cinnabar Icon
"Thursday, December 12, 2024",Magic Tigeress
"Monday, November 18, 2024",Storm Sensation
"Thursday, October 31, 2024",Especial Yogi
"Thursday, April 18, 2024",Reschedule
"Monday, May 12, 2025",Silent Knight
"Thursday, May 8, 2025",Shining Grace
"Thursday, May 8, 2025",Topper Snowdrift
"Friday, April 25, 2025",Dashing Nando
"Friday, April 25, 2025",Uptown Sally
"Thursday, April 24, 2025",Olympia Onyx
"Thursday, April 10, 2025",Whodat Whiskey
"Monday, March 31, 2025",Sweet Valentine
"Thursday, March 27, 2025",Magic Bullseye
"Saturday, March 22, 2025",Blessed Rain
"Thursday, March 6, 2025",Lainey Jane
"Thursday, February 13, 2025",White Mist
"Monday, January 27, 2025",Tricky Riddles
"Saturday, January 11, 2025",Shock And Awe
"Thursday, January 9, 2025",Shy Cabang
"Monday, January 6, 2025",Let's Win Ollie
"Monday, January 6, 2025",Paw Marvel
"Thursday, January 2, 2025",Hot Rocker
"Monday, December 23, 2024",Grover Bale
"Monday, December 23, 2024",Tinker Dot
"Saturday, December 21, 2024",Tinker Conall
"Thursday, December 19, 2024",Firing Chief
"Thursday, December 19, 2024",Roman Empire
"Thursday, December 12, 2024",Bravado
"Monday, November 25, 2024",Delatite Beast
"Saturday, November 16, 2024",Bear Lee Crime
"Saturday, November 16, 2024",Queston Bale
"Saturday, November 16, 2024",Wellerman
"Thursday, November 7, 2024",Lissy Loulou
"Monday, October 7, 2024",Leap Of Faith
"Monday, April 22, 2024",Found A Spot
"Friday, March 7, 2025",Essence
"Friday, March 7, 2025",Sweet Valentine
"Wednesday, March 5, 2025",Thermal Spark
"Friday, February 21, 2025",Silver Machine
"Wednesday, February 19, 2025",Collinda Pops
"Friday, February 7, 2025",Husky Sara Lee
"Wednesday, January 29, 2025",Thunder Bay
"Friday, January 24, 2025",Heavy Haulage
"Friday, January 24, 2025",Prince Pierre
"Thursday, January 16, 2025",Tiger Shark
"Wednesday, January 15, 2025",Come On Mango
"Wednesday, January 8, 2025",Chattanooga
"Friday, December 27, 2024",Peacock
"Friday, December 13, 2024",Paw Tabitha
"Wednesday, November 6, 2024",Tornado Jack
"Wednesday, October 23, 2024",Prince Pierre
"Wednesday, May 8, 2024",Snow Royale
"Saturday, May 17, 2025",One Knee Noni
"Wednesday, May 14, 2025",Latin Rhythm
"Friday, May 2, 2025",Ripper Riley
"Sunday, April 20, 2025",Dunach Fireball
"Thursday, April 17, 2025",Life Awaits
"Thursday, April 17, 2025",Rock Show
"Tuesday, April 15, 2025",Blue Roses
"Tuesday, April 15, 2025",Jed's Memory
"Sunday, April 13, 2025",Angry Chief
"Friday, April 11, 2025",Paw Tonk
"Friday, April 11, 2025",Scott Gnarly
"Wednesday, April 9, 2025",Harry Hotcakes
"Saturday, March 15, 2025",Sir Whip
"Wednesday, March 12, 2025",Clara Stella
"Wednesday, March 12, 2025",My Opie
"Wednesday, February 19, 2025",Sweet Valentine
"Saturday, January 25, 2025",Silver Machine
"Wednesday, January 22, 2025",Greysynd Will
"Friday, January 17, 2025",Yellow Hawk
"Thursday, January 16, 2025",Artificial Blue
"Thursday, January 16, 2025",Zero Predator
"Wednesday, January 8, 2025",Nickleby Action
"Wednesday, December 11, 2024",Forgotten Time
"Wednesday, November 27, 2024",Moraine Demon
"Wednesday, November 6, 2024",Major Franky
"Saturday, October 26, 2024",Classy Shifter
"Wednesday, May 29, 2024",Luna Beauty
"Monday, March 3, 2025",Smooth Tiger
"Monday, March 3, 2025",Star Sixty Six
"Monday, February 17, 2025",Highway
"Monday, February 3, 2025",Candy Stride
"Monday, January 27, 2025",Harlow's Boy
"Monday, January 27, 2025",Paw Trinny
"Wednesday, January 22, 2025",That's My Cousin
"Saturday, January 18, 2025",Nice One Tom
"Wednesday, January 15, 2025",Man Of Courage
"Monday, January 13, 2025",Briley Riot
"Monday, January 13, 2025",Nanna Nap
"Monday, January 6, 2025",Nanna Nap
"Tuesday, December 24, 2024",Western Feel
"Wednesday, October 23, 2024",Aston Monarchy
"Friday, May 16, 2025",Stojanovic
"Wednesday, May 14, 2025",Tornado Tahlia
"Monday, May 12, 2025",Borough Man
"Saturday, May 10, 2025",Aston Finniss
"Saturday, May 10, 2025",Maybe Rain
"Wednesday, May 7, 2025",Cookie Man
"Monday, May 5, 2025",Aston Ophelia
"Monday, May 5, 2025",Aston Warrior
"Monday, May 5, 2025",Mrs. Smith
"Monday, May 5, 2025",Tinker Rays
"Thursday, May 1, 2025",Go For Gold
"Thursday, May 1, 2025",Midnight In Sale
"Thursday, May 1, 2025",Rock It Queen
"Monday, April 28, 2025",Axedale Queen
"Monday, April 28, 2025",Paw Valentina
"Wednesday, April 23, 2025",No Bad Deed
"Wednesday, April 23, 2025",Paw Rex
"Tuesday, April 22, 2025",Off The Beer
"Tuesday, April 22, 2025",Pyrenees Prince
"Wednesday, April 16, 2025",Cosmic Reward
"Monday, April 14, 2025",Salmon Spray
"Saturday, April 12, 2025",My Opie
"Tuesday, April 8, 2025",Fergus Bale
"Thursday, February 27, 2025",Ribero
"Monday, February 24, 2025",Car Wash Chaos
"Wednesday, February 19, 2025",Paw Marvel
"Monday, February 17, 2025",Two Bays
"Monday, January 20, 2025",Peaches
"Wednesday, January 8, 2025",Blackpool Slade
"Monday, January 6, 2025",Just Want Pizza
"Wednesday, January 1, 2025",Asperitas
"Sunday, March 9, 2025",Posh Paws
"Friday, February 28, 2025",Butterfly Girl
"Friday, February 28, 2025",Jumbuk Gerhard
"Friday, February 21, 2025",Foxy Faun
"Wednesday, February 12, 2025",Borough Cook
"Friday, January 31, 2025",Minh Georgy
"Sunday, January 26, 2025",Bamera
"Sunday, January 26, 2025",Better Banjo
"Friday, January 24, 2025",Are You Okay
"Wednesday, January 22, 2025",Aston Flurry
"Sunday, January 19, 2025",Stifler
"Monday, January 13, 2025",Spirited Sal
"Friday, January 3, 2025",Fitzroy Halle
"Sunday, November 17, 2024",Hartney
"Friday, May 16, 2025",Sailaway Gin
"Sunday, May 11, 2025",Got Flair
"Friday, May 9, 2025",Brutal Power
"Friday, May 9, 2025",Valletta Flash
"Tuesday, May 6, 2025",Black Friday
"Tuesday, May 6, 2025",Let's Go Georgi
"Friday, May 2, 2025",Boo Boo Giblet
"Tuesday, April 29, 2025",Glorious Glory
"Tuesday, April 29, 2025",Whizbang Archer
"Wednesday, April 23, 2025",Destini Lorenzo
"Wednesday, April 23, 2025",No Magpies
"Wednesday, April 23, 2025",No Manners
"Friday, April 18, 2025",Paddy Almighty
"Sunday, March 30, 2025",Talk Is Cheap
"Friday, March 21, 2025",Braemar Cora
"Sunday, February 16, 2025",Sheezel
"Friday, January 17, 2025",Aston Cospicua
"Friday, January 17, 2025",Mt. View Amour
"Friday, January 10, 2025",Super Tone
"Thursday, March 6, 2025",Sonic Trooper
"Monday, February 24, 2025",Mepunga Rocky
"Saturday, February 22, 2025",Applicant
"Monday, January 27, 2025",Tiger Shark
"Monday, November 18, 2024",Jetstream Icon
"Monday, October 28, 2024",Kraken Whisky
"Monday, September 30, 2024",Tat Leah
"Monday, September 2, 2024",Field Day
"Monday, August 26, 2024",Imani
"Monday, May 12, 2025",One Word Answer
"Monday, April 28, 2025",Kraken Paddy
"Monday, April 28, 2025",Spring Miles
"Monday, April 14, 2025",Aston Walker
"Monday, March 31, 2025",Gold Scotch
"Thursday, February 27, 2025",Lucky Lisa
"Monday, February 24, 2025",Lakeview Emily
"Monday, November 25, 2024",Darra Topaz
"Monday, November 18, 2024",Mister Easy
"Tuesday, February 18, 2025",White Iverson
"Sunday, February 9, 2025",Mile A Minute
"Sunday, February 9, 2025",Seagull Rock
"Friday, January 31, 2025",Savannah Star
"Sunday, January 19, 2025",Sketchy Demos
"Sunday, January 5, 2025",Sweet Valentine
"Sunday, May 11, 2025",Sweet Nugget
"Friday, May 2, 2025",Glorious Glory
"Friday, May 2, 2025",Heyfield Honey
"Friday, May 2, 2025",Waltzing Brute
"Sunday, April 27, 2025",Lamia Wheeze
"Friday, April 25, 2025",King Kaboom
"Sunday, March 23, 2025",Rhythmic Energy
"Friday, February 28, 2025",Borough Cook
"Saturday, March 8, 2025",With The Wind
"Thursday, March 6, 2025",Bismuth
"Tuesday, March 4, 2025",Battlefield Lass
"Saturday, February 15, 2025",Full Speed Ahead
"Tuesday, January 21, 2025",Tricky Disco
"Thursday, November 28, 2024",Marais Bale
"Friday, April 11, 2025",If He Could
"Monday, April 7, 2025",Bow Edition
"Tuesday, April 1, 2025",Jumbuk Punky
"Tuesday, April 1, 2025",Sand Dunes
"Tuesday, March 25, 2025",Blank Slate
"Tuesday, March 18, 2025",Candy Stride
"Friday, February 7, 2025",Aston Warrior
"Friday, January 17, 2025",Paw Xena
"Tuesday, January 14, 2025",Pugsley
"Friday, February 21, 2025",Angry Ellie
"Friday, February 21, 2025",Top Kade
"Tuesday, February 18, 2025",Undercover Guy
"Friday, February 14, 2025",Angry Ellie
"Friday, January 17, 2025",Computer Model
"Thursday, May 15, 2025",Pearly Whirly
"Tuesday, May 6, 2025",Talk Is Cheap
"Tuesday, April 29, 2025",Dream On Allan
"Thursday, April 24, 2025",Daintree Spirit
"Tuesday, April 22, 2025",Blinked
"Friday, April 11, 2025",Wild Serena
"Tuesday, April 8, 2025",Pretty Follie
"Thursday, April 3, 2025",Holtorf Bale
"Friday, February 14, 2025",Soda Duke
"Friday, January 17, 2025",Persuasion
"Thursday, January 9, 2025",Cuban Cigar
"Tuesday, January 7, 2025",Tuff Toby
"Monday, January 6, 2025",Maddy Giblet
"Tuesday, December 3, 2024",Leo Bale
"Tuesday, May 13, 2025",Paw Funk
"Tuesday, May 13, 2025",Paw Lilibet
"Friday, May 9, 2025",Mepunga Milly
"Friday, May 9, 2025",Orson Fury
"Tuesday, May 6, 2025",Nosey Parker
"Tuesday, May 6, 2025",Paw Zuri
"Tuesday, May 6, 2025",Vilma Bale
"Tuesday, April 22, 2025",Tinker Dot
"Saturday, April 19, 2025",Genesis Bale
"Saturday, April 19, 2025",Let's Play Ball
"Tuesday, February 18, 2025",Winslow Wish
"Monday, March 3, 2025",Gallon Of Yap
"Monday, February 24, 2025",Aston Katy
"Thursday, February 13, 2025",Paw Quark
"Thursday, December 26, 2024",Mr. Frankie Lee
"Thursday, May 15, 2025",Masseter
"Thursday, May 8, 2025",Nineteen Crimes
"Monday, May 5, 2025",Paw Pascal
"Monday, May 5, 2025",Paw Quail
"Monday, April 28, 2025",Charlee's Tommy
"Monday, April 28, 2025",Dell Mister
"Monday, April 14, 2025",Short Notice
"Monday, March 3, 2025",Boondocks
"Monday, February 17, 2025",Paw Razor
"Wednesday, March 5, 2025",Ultimate Warrior
"Wednesday, February 19, 2025",Shima Ballad
"Wednesday, February 12, 2025",Paw Xena
"Monday, January 27, 2025",Bona Vista
"Monday, May 12, 2025",Darra Sapphire
"Wednesday, February 19, 2025",Gunai Bold
"Monday, January 6, 2025",Pretty Panama
"Saturday, January 25, 2025",Regal Barry
"Friday, January 17, 2025",Awesome Avenger
"Friday, January 3, 2025",Rhythmic Energy
"Wednesday, April 30, 2025",Dashing Nando
"Sunday, April 13, 2025",Borough Banker
"Friday, March 7, 2025",Arlunya
"Friday, March 7, 2025",Paw Jenneke
"Sunday, March 2, 2025",Paw Marvel
"Sunday, February 23, 2025",Is He Lucky
"Sunday, February 9, 2025",Dr. Asher
"Sunday, February 2, 2025",Dr. Asher
"Wednesday, May 14, 2025",Mrs. Smith
"Sunday, April 20, 2025",Fabio Giblet
"Sunday, April 13, 2025",Smooth Collinda
"Thursday, December 26, 2024",Short Straw Trev
"Thursday, February 20, 2025",Pete's Entity
"Saturday, January 4, 2025",Belsar
"Saturday, March 8, 2025",Shima Blush
"Saturday, May 3, 2025",Trooper Tears
"Wednesday, November 20, 2024",Harvington
"Wednesday, May 7, 2025",Reuben Hill
"Friday, April 11, 2025",Cawbourne Sassy
"Friday, April 11, 2025",Cawbourne Sassy
"Monday, March 10, 2025",Super Max
"Sunday, March 9, 2025",Furioso Rick
"Saturday, March 8, 2025",Odysseus Bale
"Tuesday, March 4, 2025",Brielle
"Tuesday, March 4, 2025",Hartland Prince
"Friday, February 28, 2025",Chasing Hearts
"Wednesday, February 26, 2025",Slippery Shark
"Tuesday, February 25, 2025",Special Teams
"Tuesday, February 25, 2025",Tanner Bale
"Monday, February 24, 2025",Ruby Rhode
"Wednesday, February 19, 2025",Lovely Lainey
"Monday, February 17, 2025",Goliath
"Wednesday, February 12, 2025",Paw Vernon
"Tuesday, February 11, 2025",Bourbon Bullet
"Monday, February 10, 2025",Is He Happy
"Sunday, February 9, 2025",Chemical Erosion
"Saturday, February 8, 2025",Collinda Pops
"Friday, February 7, 2025",Over Reaction
"Friday, February 7, 2025",Milton Cranberry
"Thursday, February 6, 2025",Our Regards
"Thursday, February 6, 2025",Paw Octavia
"Tuesday, February 4, 2025",Aston Acacia
"Tuesday, February 4, 2025",King Cherry
"Monday, February 3, 2025",Inga Amy
"Friday, January 31, 2025",Paw Xena
"Friday, January 31, 2025",Inter Cyborg
"Friday, January 31, 2025",Westside Wizard
"Friday, January 31, 2025",My Three Boys
"Monday, January 27, 2025",Paw Xabia
"Friday, January 24, 2025",Big Ted
"Monday, January 20, 2025",Got A Pulse
"Sunday, January 19, 2025",Buffalo Cowboy
"Friday, January 17, 2025",King Litterbug
"Wednesday, January 15, 2025",Millie
"Monday, January 13, 2025",Killer Bee Cammy
"Sunday, January 12, 2025",Long Haul
"Friday, January 10, 2025",Augustus Finch
"Thursday, January 9, 2025",Magic Miley
"Thursday, January 9, 2025",Holtorf Bale
"Sunday, January 5, 2025",Long Haul
"Thursday, January 2, 2025",Corinthian
"Tuesday, December 31, 2024",Silver Taquisha
"Monday, December 30, 2024",Arka Solar
"Thursday, December 26, 2024",Bounding Chief
"Wednesday, December 18, 2024",Terrorising Tom
"Thursday, December 12, 2024",Harajuku Lass
"Wednesday, December 11, 2024",No Iron Team
"Sunday, December 8, 2024",Hunter Fred
"Tuesday, November 12, 2024",Dynamite Doug
"Tuesday, November 12, 2024",He's Got Swag
"Friday, November 8, 2024",Ice Ice Baby
"Sunday, November 3, 2024",All Jazz
"Wednesday, September 11, 2024",Bounding Chief
